cluster_count,inertia,silhouette_score
2,232815.47022775892,0.17334056206498274
3,214135.43586170586,0.11222098948597703
4,203251.04106638822,0.0979601752594917
5,194871.87584238098,0.09606218683732598
6,188550.1919493614,0.09123901372367042
7,182950.81296964432,0.09202686494194681
8,177816.770903113,0.09184965131707341
