cluster_count,inertia,silhouette_score
2,232815.47022775887,0.17334056206498274
3,214135.4358617058,0.11222098948597703
4,203251.0410663883,0.0979601752594917
5,194871.875842381,0.09606218683732598
6,188550.19194936135,0.09123901372367042
7,182950.81296964444,0.09202686494194681
8,177816.77090311304,0.09184965131707341
