cluster_count,inertia,silhouette_score
2,775709.5421174975,0.17443634439125172
3,713740.1350294115,0.11158784215007454
4,677779.8808313729,0.09721082413587048
5,649137.3850057638,0.09570498164699
6,628791.8307929819,0.09034485151289057
7,610751.391718386,0.09063245874670374
8,593446.3332858207,0.09098513592464544
